de,417
kai,395
to,297
thn,171
gar,155
twn,132
h,128
tou,128
ws,127
o,115
ths,115
ton,107
dia,89
mh,86
oti,85
ou,82
pros,72
fhsi,70
eis,64
men,63
oi,57
ouk,56
en,55
tous,54
epi,54
ta,54
tw|,51
tois,49
auton,45
ei,38
nun,37
peri,37
hn,35
oun,35
autw|,35
ina,35
autou,34
alla,34
tas,30
all',29
esti,29
estin,29
te,28
th|,27
touto,27
para,25
tauta,24
apo,21
ek,21
meta,21
ti,20
axilleus,20
ec,20
agamemnonos,19
anti,19
oude,18
an,18
poiei,18
kalws,17
oux',16
tais,16
wn,16
ama,16
legei,15
di',15
d',15
upo,15
autos,15
dei,15
duo,14
dhloi,14
epei,14
pws,14
logon,14
oide,13
axillews,13
exwn,13
kata,13
autous,12
axillei,12
foinic,12
monon,12
eu,12
dwrwn,11
ellhnwn,11
eauton,11
oute,11
autwn,11
a,11
dio,11
phr,10
par',10
logwn,10
goun,10
agamemnona,10
moi,10
prwton,10
outos,9
ouden,9
allwn,9
opws,9
tines,9
on,9
axille,9
cts,9
oqen,9
einai,9
palin,9
eisi,9
uper,8
axillea,8
authn,8
kefalaion,8
isws,8
outws,8
panta,8
dwra,8
ge,8
malista,8
qewn,8
eipein,8
agamemnwn,8
eisin,8
dh,8
legein,8
legwn,8
pantwn,7
allws,7
mallon,7
eipen,7
usteron,7
autois,7
qelei,7
ai,7
odusseus,7
exei,7
toiouton,7
nestwr,6
logou,6
elpida,6
basile,6
xarin,6
foinika,6
auths,6
gnwmhn,6
telos,6
ferwn,6
epagei,6
plhqos,6
ep',6
eipwn,6
oper,6
htoi,6
piqanws,6
ote,6
hdh,6
sun,6
ot',6
toutou,6
monos,6
qumon,6
qumos,6
tote,6
phlews,6
tauthn,6
eautou,6
eite,6
andrwn,6
pollwn,6
dios,6
axaious,5
polla,5
pan,5
eni,5
ginetai,5
pro,5
texnikws,5
agamemnoni,5
aei,5
ois,5
omologei,5
tis,5
bouletai,5
dokh|,5
logos,5
aitian,5
pantas,5
deiknusin,5
oion,5
tosouton,5
exein,5
elege,5
axaiwn,5
muqwn,5
toutwn,5
taxa,5
toutw|,5
su,5
pleon,5
eautw|,5
qumou,5
eteron,5
edei,5
eipe,5
didaskei,5
prwtos,5
autas,5
foiniki,5
outw,5
allois,5
prwhn,5
prs,5
eita,5
aciwn,4
mega,4
eqos,4
zeus,4
epeita,4
srian,4
pistin,4
timhs,4
w,4
xrhtai,4
tautas,4
gamou,4
poleis,4
kat',4
echs,4
entexnws,4
kairos,4
qelwn,4
peiqw,4
iketeian,4
legetai,4
dhlon,4
me,4
nuktos,4
ora,4
geras,4
oietai,4
oikeia,4
feugein,4
polemou,4
plhsion,4
kairon,4
teixos,4
tina,4
pantes,4
filous,4
orghs,4
aitias,4
mhn,4
meros,4
dehsin,4
praceis,4
leipei,4
logous,4
peiqein,4
ekei,4
os,4
oneidizei,4
anteipein,4
didwsin,4
sumferon,4
poihths,4
meizona,4
basileus,4
foinikos,4
apantwn,4
edhlwse,4
gerontes,4
onoma,4
filwn,4
labein,4
lelhqotws,4
peisqeis,4
eti,4
qumw|,4
onomati,3
alloi,3
oiden,3
arxetai,3
andra,3
htton,3
elabe,3
eneken,3
ean,3
nestora,3
dwrois,3
andros,3
opou,3
deuteron,3
onomatos,3
ara,3
palaiwn,3
agh,3
ekplhcis,3
opla,3
pantws,3
ekaston,3
odussews,3
zhn,3
litas,3
tw,3
qeous,3
ghras,3
ontos,3
peiqesqai,3
euxetai,3
allous,3
deuteran,3
adunaton,3
ken,3
didaskalon,3
eautwn,3
kakeinos,3
enantion,3
etoimon,3
anhr,3
ippous,3
arxhs,3
dunamis,3
maxhs,3
meleagros,3
yuxhs,3
idan,3
gonewn,3
kindunon,3
eixon,3
logw|,3
fhsin,3
deinon,3
ef',3
aristous,3
paidwn,3
genhtai,3
phleus,3
deon,3
rhthra,3
soi,3
as,3
aper,3
pur,3
gunaika,3
eoike,3
emou,3
ison,3
sumforas,3
wsper,3
hrwi+,3
parainei,3
ke,3
trwwn,3
emfainei,3
peiran,3
eukairws,3
estai,3
oud',3
ekeinous,3
puros,3
erxetai,3
pri,3
ferei,3
mhden,3
ippwn,3
presbeis,3
oushs,3
polemioi,3
filon,3
meq',3
odussea,3
auto,3
ellhsin,3
orghn,3
andras,3
plhqous,3
ekeise,3
pasin,3
atopon,3
poieitai,3
qanaton,3
ostis,3
kakon,3
w|,3
proseqhke,3
ewra,3
sunagei,3
oudepote,3
fasi,3
auth|,2
dokei,2
meleagrw|,2
xrew,2
elegxei,2
apodexetai,2
pistos,2
antitiqhsi,2
tisousin,2
ghs,2
uiwn,2
argeiwn,2
eauths,2
atimasanti,2
hkein,2
alwsews,2
filostorgian,2
andrias,2
epoihsen,2
peisqhsesqai,2
presbeian,2
peisqhnai,2
proferei,2
suggeneias,2
xrhmatwn,2
exrhsato,2
allos,2
anagkaion,2
fusews,2
eih,2
omoiws,2
paradeigma,2
istorias,2
parek,2
megalofrosunhn,2
gamon,2
anagkhn,2
hmeis,2
gunaikos,2
xrhsimon,2
poihsai,2
k,2
filias,2
onomatwn,2
yuxagwgei,2
didwsi,2
eidws,2
faskwn,2
mhr,2
gegonws,2
dochs,2
g',2
ekeinon,2
atreidh|,2
perispasteon,2
famen,2
dii+,2
diomhdhs,2
marphssan,2
dikaion,2
euprepws,2
odusshi+,2
triton,2
emfainetai,2
gerontos,2
prhkthra,2
doih,2
luei,2
ekballei,2
iketas,2
eiponta,2
panti,2
paron,2
megala,2
dustuxhsantes,2
apodeiknusi,2
eshmanen,2
megalh,2
autoklhtos,2
parabasin,2
polemein,2
apergazetai,2
labwn,2
eirhmenon,2
parontes,2
summaxian,2
aretas,2
fronhsis,2
c,2
xrh,2
sofoklhs,2
tria,2
peiqous,2
osa,2
upotiqetai,2
qu,2
pollous,2
lissesqai,2
wste,2
paraklhsin,2
peisai,2
anacion,2
tauths,2
eklogh,2
pote,2
akouesqai,2
ekateron,2
nhusi,2
omoia,2
apeiqein,2
deiknus,2
logois,2
atimazein,2
grafetai,2
decasqai,2
apopleusai,2
parhn,2
aisxunoito,2
idias,2
fugh,2
elegen,2
tacin,2
newn,2
agame,2
es,2
edokei,2
yeudos,2
gunaiki,2
autw,2
omws,2
parakaloumen,2
pragma,2
hmas,2
epishs,2
gunaikas,2
litais,2
xreian,2
mikron,2
naus,2
reia,2
prouxei,2
anagei,2
kanon,2
recas,2
gunh,2
didomena,2
touton,2
monoi,2
genesqai,2
mellei,2
lupei,2
proteron,2
methlqe,2
didaskalw|,2
apollwn,2
h|,2
nomos,2
ubrews,2
patroklos,2
sullhptikws,2
truzhte,2
srias,2
oson,2
menein,2
onomata,2
apeiqei,2
kairw|,2
filotimon,2
olws,2
hdeia,2
pleionwn,2
euxerws,2
pot',2
proballetai,2
iatai,2
parontos,2
amfw,2
marphssa,2
ephnegke,2
omoeides,2
peiqomenoi,2
eiq',2
hqos,2
endeiknutai,2
esqiousin,2
mnhmhn,2
paqos,2
anetreyen,2
th,2
apousian,2
paqwn,2
boa|,2
filotimos,2
akrws,2
emfasis,2
ouk',2
noun,2
omonoian,2
oikeious,2
laon,2
basileia,2
fqonw|,2
esw,2
dein,2
pasa,2
agaqon,2
eikein,2
uperbolhn,2
upoxwrein,2
aianta,2
noein,2
erga,2
ikeo,2
eleeinon,2
filian,2
braxu,2
polemiois,2
rhmasin,2
dixa,2
ekeinos,2
ubrin,2
gnwmh|,2
polemwn,2
ormhn,2
polemon,2
aiantos,2
wsanei,2
presbeusantos,2
oionei,2
aidou,2
fqeggetai,2
adei,2
adunatos,2
kakou,2
stixon,2
paradocou,2
lecin,2
lafurwn,2
summaxias,2
qemistas,2
andreios,2
mra,2
oye,2
docan,2
autika,2
xronous,2
kairou,2
parhken,2
deos,2
arxesqai,2
edhlwsen,2
idion,2
xrhstas,2
swthrias,2
fughn,2
ikanws,2
gerwn,2
kallos,2
kalwn,2
tiqetai,2
hgemonas,2
prin,2
diomhdhn,2
arxh,2
hlikian,2
megeqos,2
ea|,2
presbeias,2
sumpresbeuthn,2
umin,2
entais,2
stikteon,2
kreittona,2
kaleitai,2
xronw|,2
hgeitai,2
parrhsian,2
aristos,2
filh,2
ellhsi,2
trwes,2
eurwn,2
maxhn,2
tode,2
eunoian,2
toutous,2
hs,2
qugatera,2
eneka,2
sumboulos,2
nomizei,2
eme,2
pareis,2
arista,2
atar,2
entw|,2
diomhdous,2
oupw,2
arxhn,2
toutois,2
eixen,2
dwrean,2
t',2
swmati,2
dunatai,2
akouein,2
fulakhs,2
prooimion,2
diarrhdhn,2
yilhn,2
qew|,2
eikotws,2
aths,2
per,2
andreion,2
ontes,2
ariston,2
ap',2
arxei,2
y,2
prospoieitai,2
arxein,2
aidessai,2
dih|rhtai,2
elpidas,2
peira,2
trofea,2
toi,2
sfin,2
lecews,2
oligon,2
eige,2
odussei,2
pracin,2
mia,2
agei,2
prwta,2
elew|,2
oligwn,2
epispatai,2
ameilixos,2
xeira,2
agaqoi,2
paraginetai,2
poseidwnos,2
mian,2
kiqaran,2
dikaiws,2
exqrou,2
asfaleias,2
praws,2
kaq',2
oran,2
stasin,2
eleon,2
aeimnhstous,2
deipnon,2
areth,2
anwn,2
aias,2
duswpei,2
elqonta,2
kleopatran,2
ekwn,2
sumboulhs,2
mogis,2
egw,2
palai,2
distazein,2
fronhsews,2
prosektikon,2
qeoi,2
parrhsia|,2
apac,2
gambreusein,2
idas,2
agaqwn,2
polemiwn,2
swmatos,2
aucei,2
met',2
sunapteon,2
pausasqai,2
ariqmon,2
auqi,2
poiein,2
koinh,2
aploun,2
endon,2
pasan,2
pais,2
tosauta,2
praktewn,2
memnhtai,2
areth|,2
eixe,2
eikos,2
oikeion,2
se,2
euhnos,2
koina,2
epainei,2
prwthn,2
laqein,2
rhtoreia,2
rasta,1
kreittwn,1
swmatikhn,1
epamunei,1
sunesin,1
ecamartanein,1
wfeilen,1
ida|,1
anamelktoi,1
ekklinwn,1
armatoforous,1
ekplhrwn,1
arxousin,1
sumfrasomen,1
rhtorikws,1
ektori,1
paidopoiei,1
wfeleitai,1
brisei+dos,1
noon,1
oikou,1
enantiwsin
i,1
kolazein,1
outi,1
katakruptei,1
eterous,1
epeoiken
ia,1
filtatos
ib,1
me
i,1
essh|,1
entw,1
katafranoumen,1
keisqai,1
forous,1
upostolhs,1
swsai,1
fukos,1
qerapeian
ig,1
aiolikon,1
timwsin
q,1
mellwn,1
peiswsin,1
skotw|,1
poihsw,1
mellon,1
kunikos,1
fulassein
kb,1
apeixei,1
adamastos,1
hbhs
g,1
xrhtai
a,1
euergesias,1
nikwsi,1
pempetai,1
tripodas,1
pemyantos,1
akouontas,1
skophsein,1
anteipen,1
edecanto,1
shston,1
exqras,1
tocotou,1
fugh|,1
uposxomenos,1
isxun,1
bohqounti,1
frassomeq',1
katayhfizomenos,1
asunetos,1
lambanetai,1
qatton,1
polemhi+a,1
erwtos,1
eirwnikos,1
dosan,1
anqelkon,1
afrastws,1
enos,1
meizosin,1
suntemnei,1
hqei
kg,1
erws,1
anh|rhmenas,1
qelein,1
huchse,1
lecwn,1
loigaleh|sin,1
menwn
a,1
epikourwn
kz,1
kataliph|,1
ecistatai,1
htthsqai,1
strathgon,1
wnomatopepoihtai,1
ubrisen,1
sxhswn,1
ecefuge,1
antimazein,1
swzousan,1
eswfronizon,1
oneidishs,1
yuxh|,1
genos,1
diastrefwn,1
sunairoumenous,1
dexomenh|,1
megapenqhs,1
qemisteuousi,1
diefereto,1
muqologoi,1
fhsas,1
erwtikois,1
skhnhs,1
iasews,1
marturhsin,1
prwa,1
prwth|,1
asuneton,1
semnothta,1
peiqarxountwn,1
amunhs,1
pantas
d,1
hmarthkoti
z,1
prassomena,1
rexqentos,1
atalanths,1
sugginwskwsi,1
diakonoumenou,1
asebei,1
katw|khsan,1
arhi+filw|,1
xwriaqeih,1
hgaphmenos,1
epitrepei
ib,1
dekakis,1
ameinon,1
apoplous,1
katepthxotwn,1
etimhqh
b,1
oiktizetai,1
xaritas,1
ea|s,1
apallassei,1
spodon,1
sunalgwn,1
htimaze,1
apopleusesqai,1
parhggeilen,1
fasin,1
dusxeraianwsin,1
amfi,1
ellhnikwn,1
swfron,1
kaqeudei,1
allaxou,1
anaferein,1
diasurwn,1
hqikws,1
neothtos,1
kriths,1
parakeleuetai,1
upoyian,1
antibolhsai
ib,1
sunodou,1
sunesei,1
trepetai,1
ameinon
g,1
elegktikws,1
eqreyamhn,1
gunaikeiou,1
ameinwn,1
dedoikws,1
eauton
urn,1
apoteixizei,1
maqhsis,1
legontos,1
oiw,1
dietupwsen,1
elenhn
kg,1
efiemenou,1
decioumenos,1
tade,1
empepisteutai,1
apopeirwmenou,1
aparxas,1
kreitton,1
adikhqentes,1
anepifqonon,1
orgizomenoi,1
oposoi,1
litai,1
upodoxhn,1
peiqwn,1
dunamai,1
sunaptei,1
elaben
kg,1
laqra,1
epiplhcin,1
manqnomen,1
dokein,1
epanista|,1
axilleus
ig,1
speudonta,1
agwnizetai,1
gumnhn,1
ptaisma
ie,1
agamemnwn
e,1
mostegon,1
entimws,1
agamemnoni
q,1
fughn
ig,1
pleistais,1
suneidhsin,1
parainesews,1
polei,1
apalw,1
oudamou,1
qhriwdhs,1
deicai,1
aciologw|,1
exqran,1
ikethn,1
omilian,1
kataballonta,1
arhos,1
automedwn,1
asumpaqws,1
orqos,1
estin
z,1
eteixisen,1
yilwteon,1
hdonhn,1
ensxhmati,1
arxais,1
suggenhs
ina,1
isotimon,1
antikeimenou,1
edraion,1
dhmokratoumenoi,1
periexei,1
bouleusomen
ia,1
omonoia,1
dunhqhsh|,1
elegein,1
osiris,1
paramuqumenoi,1
akousesqai
k,1
peloponnhsw|,1
lhyews,1
sumbouleuontai,1
qugatros,1
tresbeuths,1
fqian,1
edunato,1
hghsamenou,1
teixei,1
filosofein,1
edecato,1
yammou,1
epikourous,1
neaw,1
upisxnoumenos,1
kartiston,1
peyin,1
peisantwn,1
trwi+adas,1
apaitei,1
eniautou,1
airoumai,1
dhlousa
kg,1
efeauton,1
xalepainousin,1
simwnidhs,1
hmerai,1
apanta,1
timwntai
ia,1
istorian,1
kaiper,1
dhmhtran,1
aplous,1
gnwmhs,1
aish|,1
deilian,1
antitacei,1
seio,1
ikana,1
hlikia,1
aciwmati,1
estin
kd,1
eisagwn,1
epaineton,1
metanohsai,1
epoioumen,1
diaxeai,1
asuggnwston,1
upograyas,1
qerapantes,1
gegonasi,1
eqelwsi,1
toutou
i,1
ektasis
ib,1
amelein,1
koith,1
proesqai,1
emfainwn,1
oudenos,1
omoiosxhmon,1
mikpras,1
proairesin,1
progegenhmenh,1
aitwloi
i,1
orxomenon,1
parosan,1
eure,1
kthsis,1
isos,1
sialon,1
phlea,1
alis,1
gnwmwn,1
bwmos,1
kratiston
ih,1
acioun,1
xrwmenois,1
dih|rhmenws,1
aciwmasin
ib,1
qalamou,1
epiklhsin,1
ode,1
polemikhn,1
timhn,1
akousiws,1
epezerhasias,1
apotuxontes,1
aphqeto,1
epithdeusai,1
parwcuntai,1
exhs,1
acion
id,1
katamaqontas,1
pistoutai,1
dhlwqh|,1
perieirgastai
ie,1
ora|,1
prosporizontai
id,1
atreidai,1
eidos,1
g,l,1
parec,1
hrema,1
eidotes,1
qaumaston,1
deous,1
proskrouei,1
eisferei,1
qelhs,1
paramuqia,1
persefonh,1
tekos,1
filosuntomos,1
marturei,1
pou,1
tiqhsin,1
presbeuein,1
ousa,1
sobareuetai,1
epitrepwsi,1
proqelumnw|,1
aglaokarpoi,1
messhs,1
exe
g,1
oikeiw|,1
katafronei,1
agaqhn,1
akroasis,1
aformhn,1
toioutou,1
auron,1
egkataliponti,1
legetai
iz,1
ilion,1
spoudaiois,1
eirwneuesqai,1
ektou,1
akolouqhsein,1
apaggelia,1
paratasews,1
koimou,1
proballomenos
i,1
aoidoi,1
atreidh,1
taraxh|,1
tetraqelumnon
h,1
fanai,1
opawn,1
apopeyein,1
hnegnken,1
phsi,1
mastakos,1
marphssh|,1
epiqetwn,1
presbeusasqai,1
aianti,1
trapezais,1
upoloipon,1
alhi+os,1
aganaktounta,1
filtatoi,1
mequontes,1
blaptei
ib,1
diapannuxizein,1
mageirikhs,1
alkinoou,1
euwxias,1
eidon
iz,1
perixwsato,1
atimos,1
aoristos,1
anastreyai,1
xeirwnos,1
sakos,1
easai,1
prosedokwn,1
ekeleuse,1
legomenon,1
xalepainonta,1
dorpa
id,1
tugxanei
z,1
amunon,1
dihghsews,1
ews,1
katefronei,1
epagagein,1
orgizesqai,1
komistanti,1
airoito,1
mhxanh,1
kronidhs,1
ekasths,1
nestoros,1
fronhsis
urn,1
pepiqein,1
nw,1
sunnous,1
timwria,1
proagetai
e,1
epenegkai,1
algea,1
ekateron
k,1
ergaswntai,1
suniauwn,1
argein,1
efh,1
ergon,1
eferon,1
epikalountai,1
prodeicas,1
qerapeuei,1
lussai,1
aganakthsin,1
epiplastous,1
esiwphse,1
sfodra,1
hpathsen
z,1
epileipei,1
mhnin,1
alhqes,1
amartaneis,1
nomon,1
mhniein,1
enefhnen,1
poieisqai,1
plein,1
wrgizeto,1
anagkh,1
allhlous,1
akroathn,1
korufounta,1
proeirhmenois,1
proanastellei,1
parontwn,1
wsei,1
afelesqai,1
asxhmonei,1
huchsen,1
hmin,1
pulos,1
diaballei
id,1
hmunen,1
eloito
h,1
timonthn,1
dokoun,1
tetelestai,1
eforos,1
kakw|,1
karpois,1
hnagkase,1
tufesqai,1
bradus,1
apoluqhnai,1
kalai,1
kalousa,1
kaqaptesqai,1
leusw,1
trofoi,1
r,1
dotikhs,1
erwta|,1
wfelimon,1
iketawn,1
ereqismos,1
mala,1
litai
id,1
menelaou,1
qeou,1
et',1
o
ia,1
poikilai,1
hgeire,1
meleth|,1
tiqhsi,1
parrhsia
h,1
fronwn,1
essi
iq,1
prodomos,1
metanoountos,1
econ,1
esxatou,1
aposeiomenos,1
apesth,1
antipoliteuomenoi,1
elqwn,1
deisidaimwn,1
si+nhai
ie,1
umeis,1
upesketo,1
apaggeilai,1
parocunai,1
koinhsasqe,1
d'azanto,1
parormhsin,1
propikon,1
kinei,1
bia|,1
proteinas,1
elesqw,1
epetrepe,1
proswpwn,1
sumbouleuontwn,1
monou,1
baqus,1
sunousin,1
epiponws,1
elaxon,1
epohsates,1
sullabhs,1
sugxusei,1
katanalwsas,1
hporhsan
kd,1
eirhmena
kg,1
autai,1
eilet',1
t'agaqos,1
elenhs,1
sifhsi,1
dunamei,1
stoxazetai,1
pant',1
straton,1
dehsei,1
filostorgia|,1
palaia,1
pleiston,1
memfomenous,1
uf,1
dhlountos,1
ekasthn,1
arcasqai,1
dunhsh|,1
ewqen,1
episxwn,1
anatrepei,1
tapeinoi,1
ikanon,1
meneis,1
adikein,1
antitacasqai,1
neos,1
oyeai,1
aitolia,1
kudianeiras,1
axanian,1
frenas,1
equsamen
iz,1
streptoi,1
suntomws,1
apasan,1
oinhos,1
uyauxenas
k,1
amaqon,1
monh|,1
teqnaihn
ig,1
eilkusen,1
laqeto,1
peripoiei+,1
uposxesis,1
akosmhtou,1
orgilon,1
agapwsin,1
xolwqhs,1
esxen,1
proagei,1
filountai,1
shmai,1
aisxunqh|,1
pronoein,1
parodon,1
aidoumenos,1
katorqwmata
ib,1
tapeina,1
ofeles,1
purhn,1
trophn,1
murmidonas,1
elegchs,1
sunetelei,1
qhludriwdh,1
ala,1
tautais,1
rhcai,1
mousikos,1
upefhne,1
kaqecesqai,1
aciwna,1
katemice,1
sterzanta,1
euhnou,1
adikhsantos,1
periemenen,1
mestos,1
periskepwn,1
efuge,1
epamunh,1
diospolis,1
emdocos,1
anagkasas,1
amfotera,1
gera,1
mra
q,1
ippokeleuqe,1
keleuei,1
iketai,1
duw,1
amarthsas,1
ekdedumenou,1
eiwqamen,1
oinoflugian,1
idion
ia,1
upotattetai,1
iketeuousan,1
kataplhcai,1
apexqetai,1
pappos,1
barunhte
z,1
enaliwn,1
trefomenwn,1
ecienai,1
genomenon,1
fuseis,1
eph
d,1
eirwneuetai
id,1
megalofuws,1
peponqenai,1
dikaiou,1
istoriwn,1
eishnegken,1
nausin,1
alecandron,1
gunaikokrateitai,1
ekfwnhsai,1
biaion,1
aeikea,1
dusxeres,1
auth|
h,1
euteleis,1
prodameisqeis,1
parrhsiacesqai
iz,1
dis,1
qeoblabeis,1
gegonoti,1
stolw|,1
dunameqa,1
mainetai,1
qerapeias,1
odusssews,1
logwn
q,1
allhn,1
yofos,1
pronoian,1
protrepomenos,1
otan,1
presbeuousi,1
ekinhqh,1
luphs,1
filatimian,1
hqei,1
aithsin,1
fqonoih,1
ellh
ih,1
khrukes,1
arupnein,1
fronhmata
q,1
maqein,1
efoneuse,1
apeisin,1
fulattomenon,1
aei
ig,1
quei,1
perieqhken,1
anagomen,1
apesteilen
ei,1
dunhsetai,1
eisin
ie,1
taxista,1
oneidisqeis,1
aristarxon,1
oyews,1
ubrisasin,1
adikousin,1
fraseias
e,1
proskeptomenos,1
proqerapeuei,1
diastellousa,1
katorqwmatwn
i,1
apopleuseisqai
oude,1
hpeigeto,1
anagkaiwn,1
ergwn
kd,1
plhrh,1
fuzakinh|s,1
apienai,1
ofqeih,1
peiqontai,1
keatai,1
mellonta,1
karadokountwn,1
proqumws,1
tinos,1
korumba,1
upeasi,1
epikourhsei
ia,1
ecelqein,1
aqemistos,1
filodocias,1
metabalwn,1
airesin,1
isxus
d,1
fh|s,1
efugen,1
ecelecato
kd,1
paraleiyein,1
epainos
g,1
qeion,1
murioi,1
odusseus
b,1
anagkhi
d,1
arxe,1
eurwph|,1
suggnwsteos,1
khri,1
pareunazesqai,1
ghrws,1
anaferei,1
odos,1
ergazetai,1
khdestwn,1
pikron,1
hqelen,1
tassein,1
brhshi+dos,1
taxuteron,1
upodech|,1
menoitiadh,1
presbeia,1
kalh|
auqadws,1
pollakis,1
prosoxhn,1
aloqhkwn,1
xlounhn,1
uios,1
kathgorias,1
epoieito,1
eleuqeron,1
tosond',1
katabas,1
oikountai,1
entrophn,1
ptaisas,1
acion,1
paradeigmasi,1
didous,1
sria|,1
paqhmatwn,1
antilegein,1
mousikhs,1
tolmhrws,1
punqanomenon,1
krisin
q,1
nomw|,1
leiwqeis,1
perisson,1
arethn
i,1
autais,1
qugatri,1
exontes,1
qanatos
h,1
morfas,1
xolon,1
axillews
iz,1
lakedaimoniwn,1
epideicasqai,1
druos,1
ekgelan,1
abudon,1
megalous,1
filtatois,1
epoihse,1
eipeto,1
bdeluros,1
qugatrasi,1
pefanerotai,1
eudaimonian,1
biwfeles,1
oligas,1
kasignhtoi,1
xeilesi,1
lakedaimonios,1
lamprotera
urn,1
filodocia|,1
sullamnanontos,1
exqrous,1
apodoxhs,1
ekein,1
ektoros,1
anaginwskein,1
uperqhtai,1
gunaiwn,1
dieilegmenoi
id,1
hgwnismenoi,1
oregomenon,1
kaqolou,1
nuktas,1
bios,1
peisteoi,1
dedhlwtai,1
teixous,1
duswphsousi,1
shmainein,1
sundesmous,1
idioumenos,1
gnwmh,1
hliou,1
periplokas,1
ema,1
ghsasqw,1
eqelei,1
akribhs,1
perifrasis,1
eirwneuetai,1
skotous,1
sumbibasai,1
skhptron,1
qhlu,1
fugonta,1
enproskrousei,1
diakosioi,1
blabhsetai,1
eterws,1
idiou,1
aien,1
euelpin,1
diw|
i,1
aithsewn,1
sumforai,1
adhn,1
prodhlon,1
sunagontai,1
pracews,1
khdemonikws
id,1
suneilegmenoi,1
autoteleis,1
arsenwn,1
proqumon,1
oiontai,1
peukhs,1
gegonuian,1
adhlou,1
keimenou,1
iatrikhn,1
zwwn,1
ea,1
sunetos,1
lalein,1
diestreye,1
autw|
i,1
orgizomenos,1
tumbon,1
peiqw
kai,1
olon,1
katafugh|
iz,1
truxhte,1
teleousi,1
prosteqetai
urn,1
ilaon
h,1
qanatou,1
kakws
ie,1
profasin,1
epitellw,1
blabentes,1
paisai,1
hrwdianos,1
parakeitai,1
axaiwn
ka,1
teleutan,1
sugginwskousin,1
oarwn,1
eteros,1
uperaspizei,1
epifqonws,1
proshkon,1
suntomon,1
tetrasi,1
upoxwrein
urn,1
aphlegews,1
ballomenous,1
hgounto,1
blaptein
ig,1
afais,1
pneuma,1
praos,1
ekkoyh|,1
kratos,1
sumboulhs
h,1
agwnisthn,1
metriws,1
euxas,1
pollhs,1
xarakthristikon,1
filoneikon,1
deciws,1
dasunteon,1
kommatikh,1
keleuomenon,1
sunainousi,1
dialogou
urn,1
aidoumenos
e,1
melanei,1
pepoihken,1
oudemian,1
iketeia
ia,1
deinopoiwn,1
aisxunhs,1
leipein,1
dialegetai,1
anepaxqhs,1
ekdhlos,1
aitwlois,1
epos,1
kthmatwn,1
katorqwmatwn,1
parexontai
ih,1
anqrwpinon,1
wnomasqh,1
enantiwn,1
luphsh|,1
axaristia,1
polemiwn
d,1
genomenh,1
eforwntas,1
endeicis,1
epemfqhsan,1
ekeleusen
kb,1
epideicis,1
metabainwn,1
polios,1
aucomen,1
riyokindunws,1
hdu,1
hpeilhse,1
aphxqeto,1
anqrwpwn,1
zei,1
anohtou,1
hrxen,1
afelomenos,1
kataplhssoien,1
rhtorikhs,1
prattein,1
doasato,1
palakidos,1
ekeinw|,1
kinduneuonta
b,1
edeimen,1
atuxhmatwn,1
amarthsai,1
traxuteron,1
afisthsin,1
upotiqhsi,1
teucomenon,1
ecelecato,1
pepagmenwn,1
akousqhnai,1
aparxetai,1
usteron
ig,1
karpalimws,1
ekporqhsanta,1
nea,1
futa
eiqismenos,1
toiauta,1
p,1
exousi,1
hnesxeto,1
frazein,1
endews,1
diakoptomenoi,1
epetetrapto,1
sqai,1
prosagwgon,1
oikoqen,1
polews,1
patroklon
h,1
shlubrianon,1
panegurikw|,1
apoteinesqai
g,1
stasimon,1
libues,1
eidenai,1
enek',1
lhyin
i,1
atimiai
ie,1
pollon,1
aplhrwnton,1
talqubios,1
kraterwtatos,1
eris,1
tragwdhsas,1
aireisqai,1
hnegken,1
kuein
iq,1
stixiois,1
kinhtika
d,1
aiqhleiai,1
idiwn,1
anelpiston,1
argwn,1
axillea
ib,1
aisxron,1
areths,1
iasasqai,1
upestreye,1
akribws
ib,1
iketeuei,1
sumboulw|,1
prwn,1
proginwskei,1
oikeia|,1
new,1
keleuein
e,1
toud',1
eiph|,1
xrhston
urn,1
hsshs,1
gewrgias,1
yilw|,1
pulhs,1
adiallaktois,1
leleiptai,1
amfoin,1
qea|,1
enupopiptonta,1
empeirws,1
tocon,1
qusias,1
stigmai,1
upopteuousi,1
litwn,1
fqinuqein,1
xaritos,1
sxedon,1
adikws
b,1
andre,1
nikhs,1
pattwn,1
kourhn,1
megalofrwn,1
errwn,1
skuqrwpazein,1
trwqenta,1
tuxhn,1
pepanas,1
tounantion,1
prokaloumenon,1
bh,1
kurion,1
ormh|,1
erein,1
ikanos,1
meizw,1
egklhma,1
promighnai,1
rayw|dian,1
mononouxi,1
emfantikwteroi,1
eirwna,1
qumoumenwn,1
hsuxia|,1
enteucews
z,1
praxqenta,1
summaxous,1
boas,1
arouras,1
estias,1
lhcin,1
lafuron,1
adelfikou,1
apolipesqai,1
neesqai,1
mellontwn
ama,1
oikos,1
enhllace,1
khdemonias,1
menontes,1
prosdokwmenh|,1
aphlghmenws,1
kreitonos,1
uposmuxei
g,1
mnhsthn,1
kratei,1
diomhdei,1
eirhken,1
dwrwn
ie,1
epitimhsas,1
ektrepei,1
sunaxqomenwn,1
ginontes,1
gegonen,1
sumbouleuomena,1
epiqeton,1
ousas,1
lexqentos,1
allote,1
kratousin,1
pridos,1
proqumian,1
ishn,1
menon,1
antiqeton,1
dunamews,1
futwn,1
diagoi,1
prouein,1
deisqai,1
epimenei,1
ecei,1
kaqaptesqai
ka,1
graptous,1
khdemonikon,1
adikhqhnai,1
semnopoiwn,1
xronou,1
ekaluye,1
emprosqen,1
sunetwn,1
basileus
k,1
akousion,1
liparas,1
autw|
d,1
elqontas,1
keraunoi,1
kthsin,1
eufranwsin,1
sfodroteron,1
qumarea,1
mentoi,1
anairei,1
poiountai,1
ekplageis,1
exon,1
loigon,1
antoneidizei,1
ekeinou,1
toson,1
paradhlwsh|,1
proelqein,1
galakti,1
emballei,1
suntomw|,1
kalei
duo,1
puron,1
ecoxwn,1
ekoinwsato,1
metabasis,1
paradidwsi,1
qeleithn,1
alloi
h,1
eicai,1
onomazetai,1
episkiazwn,1
trefamenhs,1
yuxros,1
istoria,1
hdikhsqai,1
dixostasias,1
anakoptei,1
kommatikws,1
presbeia|,1
pleontas,1
deicews,1
anomon,1
fernhn,1
ponhsato,1
upoguws,1
parakalei
z,1
fughi,1
hqopoii+a|,1
adikois,1
acia,1
apestreye,1
ergwn
ostis,1
ubris,1
mrs,1
sfwn,1
katorqwsantos,1
peribolaion,1
prosdiorqwsis,1
hkontas,1
ikoimhn
k,1
uious,1
eirhtai,1
epemfqh,1
suggnwmhs,1
nekroktasian,1
merei,1
diairesis,1
kapnon,1
yofw|,1
qelousi,1
polemein
ib,1
aristeian,1
oneidisai,1
ofqalmous,1
lukormas,1
meleagron,1
apodeicewn,1
pore,1
ontwn,1
pollh,1
fusei,1
hciwtai,1
megisth|,1
ekqron,1
wnomasto,1
anemw|,1
aniesqai,1
anatrexoushs,1
afuws,1
monw|,1
paralogismou,1
anaqeinai,1
anqos
kd,1
qeopoiei,1
amudis,1
epeigonta,1
etece,1
aiqesqai
kb,1
topous,1
kwmas,1
turannis,1
pepeistai
q,1
iatrikhn
ia,1
eiwqen
i,1
agohteutos,1
deinois,1
stratou,1
andri,1
lipwn,1
epeisas
ka,1
meizwn,1
ektelei,1
tiqemenwn,1
texnasasqai,1
esxon,1
qeon,1
hgemones,1
pepaideutai,1
poikilias,1
prosagontes,1
logiwteron
q,1
murmidonwn,1
loipa,1
aei
iq,1
nhhsas,1
agwnas
ka,1
presbeuths,1
thlugeton,1
hsan,1
toinun,1
kaludwnias,1
parainesin
kg,1
pronoia|,1
aciopiston,1
deich|,1
agapan,1
sunhgagen,1
paratribontai,1
apanthsas,1
bouleuhtai,1
maxeis,1
upopteuesqai,1
epitexhsin,1
arkesqeis,1
arcamenos,1
agei
i,1
duspragiais,1
etugxanen,1
basileusi,1
toiauth|,1
wkuporoisi,1
panth|,1
exomenon,1
sialoio
ia,1
axilha,1
ecelketai,1
polemikon,1
koinou,1
poleessi,1
anadexontai,1
filofrosunh,1
mazon,1
eunomwtatai
z,1
trofimwteron
b,1
mikra,1
isokraths,1
qerapeuti,1
lecis,1
sakei+,1
diwkein,1
poiwn,1
paragei,1
asafhtoros,1
katafronwn
ie,1
megistwn,1
orwn,1
biazesqai,1
parexwn,1
didonai,1
antirrhsews,1
nomimoi,1
upekklinein,1
newmeqa,1
genwntai,1
dunantai
ie,1
sunairesin,1
epitrepei,1
dokoih,1
teleuthsas,1
udaresteron,1
xrhstous,1
emellen,1
prouxein,1
omotrapecos,1
agoreuemen',1
peristulon,1
esthse,1
afrhtwr,1
oregomenos,1
messhnh,1
dihghmasin,1
parelqontwn,1
qesmon,1
prolegein,1
eipen
h,1
epikrinousi,1
sunubrisqentes,1
hrkesqh,1
axari,1
diogenhs,1
panourgos,1
krisews,1
etimhsen,1
dehsontos,1
anina,1
baruqumon,1
dialaggas,1
fulassousi,1
epikratunqh,1
htoimazen,1
filanqrwpoi,1
doupos,1
sussiteisqai,1
poinhn
d,1
eeikosin
iq,1
dokh|
ie,1
proballomenos,1
polemious,1
ormhs,1
aifhs,1
parasxontos
h,1
esqiomenon,1
qata,1
hskhto,1
die,1
mimoumenos,1
gnwmhn
b,1
allo,1
sumplhroi,1
apeneime,1
antikeitai,1
iera,1
paraskeuh,1
temnontes,1
ellhnikon,1
anois,1
potamon,1
traxu,1
polewn,1
agamemwn,1
lissesketo,1
apoleshs,1
gerontas,1
duein,1
pareinai
d,1
lecesin,1
dunamenos,1
gennaiwn,1
epainoi,1
dwron,1
uywse,1
teiresias,1
dihgagen,1
sunhqeia,1
xorhgia,1
hdomenos,1
timhxos,1
epaggelletai
kh,1
mhthr
id,1
aoriston,1
omoioteleuton,1
polemois,1
malakh|
iq,1
mhnuiai,1
presbuterous,1
mhloforon,1
dehsomenoi,1
omofroneonte,1
polemw|,1
neottous,1
shmeion,1
axaioi,1
tafrou,1
epioushs,1
dikaiologeisqai,1
dikaiologian,1
oiktw|,1
paue,1
emprhsai,1
prosdokwntes,1
eleeinos,1
fusiologei,1
siwph,1
peri
k,1
omologoien,1
uperexontos
ih,1
ontwn
q,1
anaidhs,1
s',1
kaiomenon
ka,1
deiktikon,1
edistasen,1
estiasin,1
orgh,1
ekeinhn,1
noein
i,1
apologeitai,1
oikeiws,1
aparcasqai,1
logoi,1
xalkidi,1
epiponon,1
diatriyw,1
proeirhmenwn,1
proskrousas,1
stenazein,1
atimasqen,1
prosqen,1
rhqenta,1
uphkoon
iz,1
deilias,1
astron,1
swfronizein,1
pinwn,1
hkomen,1
ena,1
oninhsin,1
feugein
e,1
antirrhsin,1
epirrhma,1
tosoutos,1
fqohn,1
mikrw|,1
upwlisqen,1
aponton,1
lebhtwn
ih,1
baskanias,1
eunh|,1
dwswn,1
emeio,1
toutesti,1
timwn,1
pikroteron,1
poihswmeqa,1
apoqamwn,1
megalofrones,1
dediotas
d,1
diallazein,1
filou,1
seboi,1
epeidh,1
asfaleiai,1
iasin
e,1
sumferon
iz,1
basileian,1
apefhne,1
filoyuxei,1
emhn,1
proqumopoihqhnai,1
blabas,1
parrhsias,1
perswn,1
ekas,1
istoriografwn,1
estalmenous,1
paridein,1
mexri,1
esxhmatise,1
asineas,1
afh|rhtai,1
oratai
i,1
hmisu,1
wnomazwn,1
plhrhs,1
melana,1
peras,1
esxonto,1
porrwqen,1
pantwn
orqotoneitai,1
genomenos,1
episthmhn,1
fileous,1
uposhmainwn,1
legomenwn,1
erizontes,1
udwr,1
aiqousa,1
erwtai,1
traxus,1
emwn,1
nemwn,1
katapthcanta,1
upodhlwn,1
upefhnen,1
eunoian
a,1
proshlion,1
epiqumhsas,1
apallattei,1
apopleuseisqai,1
genikh|,1
euhmerountwn,1
uperoxhs,1
isxuros,1
genomenoi,1
didaskaloi,1
keleuwn,1
siwpa|,1
dehtikon,1
pikra,1
tossa,1
iketeuomenous,1
apekorufwse,1
doqenta,1
muriades,1
peponqe,1
exqra|,1
fonwn,1
qemis,1
eirwnikws,1
periballomenos,1
etrwse,1
peiraqeisa,1
apoteuxqeishs,1
ekkoyas,1
prospeplasmenhn,1
logon
b,1
hrpasen,1
mounoi,1
orgizomenwn,1
epirrepes,1
eukairos,1
exqrois,1
boiwtias,1
edelwsen,1
loipous,1
hdista,1
xersi,1
zhlon,1
oyon,1
skhpron,1
oyin,1
peisesqai
ka,1
tini,1
aristoi,1
proadikhsanta,1
parasxomenous,1
poihsas,1
sklhron,1
kekrummenos,1
upokaiesqai,1
pelei,1
bayai,1
eqelonths,1
arcei,1
afh|rhtai
a,1
stenagmos,1
apallassesqai,1
migeishs,1
paragrafas,1
apelpiswsi,1
lissom',1
upostikteon,1
koinon,1
oninhsi,1
topois,1
eph|nei
k,1
meizous,1
epixeirhsis,1
eishgagen
ih,1
wde,1
hkontos,1
kateqhken,1
akouein
g,1
ekousion,1
stasews
ib,1
fobos,1
filofronoumenos
amfoterous,1
acian,1
kekakwmenois,1
entomian,1
teneuse,1
trepei,1
poqou
kz,1
hmeteras,1
khruci,1
ektos,1
peristasei
ig,1
polemika,1
aiguptioi,1
doqhsomenwn,1
kataqumia,1
hgeira
ka,1
htta,1
monwn
kh,1
praoteron,1
seuontos
q,1
summaxou,1
pwtoious,1
polemeis
z,1
suntasseqai,1
argian,1
parexousi,1
ghn,1
diamenei,1
prassein,1
deilou,1
diogenes,1
tetrapodwn,1
ekpusta,1
qeois,1
euboulia,1
porqei,1
upoqhkais,1
emoi,1
ekastou,1
apaitountas,1
bebolhato,1
adocein,1
aganaktei,1
isxuroterou,1
duswpein,1
dusxerainontos,1
agriwteroi,1
dhmhgorias,1
eudaimonounta,1
etace,1
feugh|,1
skhptrw|,1
empoiwn,1
aiqhn,1
asian,1
erwmenhs,1
barbarwn,1
ecaireton,1
yuxika
q,1
boulhsei,1
ortugian,1
pode,1
peish|
ih,1
porrw,1
oplois,1
mataion,1
uyhlon,1
aggelihn,1
ezomenoi,1
nha,1
emarturhsen,1
eleiwn,1
koinwnia,1
ennw|,1
moion,1
eutelestera,1
tessares,1
sunexei,1
upoqhkh,1
alkuona,1
qetis,1
apallassesqai
b,1
barutata,1
prws,1
tufon,1
periginesqai,1
xreia,1
endeicin,1
epizeucin,1
epilelhsqai,1
yuxikhn,1
nohteon,1
dhmountos,1
filotimian,1
meleagrou,1
mhxanwntai,1
kataleifqh,1
proqeseis,1
marphsshs,1
kourh,1
texnws,1
poseidwna,1
diatouto,1
summetrias,1
ikanhn,1
xalkon,1
apofasin,1
megalas,1
mnhsikakhsantes,1
i,1
ditta,1
botanwn,1
taracai,1
hri,1
auchsis,1
moiras,1
hmarthkenai,1
iketeuwn,1
duswphtikon,1
hdesqai,1
parembolhn,1
deipnwn,1
sugxwrei,1
ephn,1
kratein
g,1
aproairetws,1
brishi+dos,1
eutuxias,1
kolakeuein
e,1
age,1
parainesin,1
erinus,1
egkwmiwn
urn,1
eikousi,1
efulacato,1
upoqesews,1
episkwptei,1
prohsetai,1
sumplokhs,1
epaulizetai,1
upetacen,1
epibalein,1
geron,1
ulhs,1
menos,1
autwn
ia,1
deiknusi,1
oxuron,1
parakalein,1
gamous
b,1
uiois,1
anepaxqws,1
aisxrokerdes,1
alkhs,1
ekeinoi,1
protetimhkenai,1
errhce,1
prorrhsin,1
basilews,1
purkai+an,1
upaiqesqai,1
afelontes,1
onomazwn,1
kiqara|,1
sugginwskei
ig,1
enantiou,1
filofronoumenwn,1
oplitai,1
platos,1
qeia,1
anasseis,1
axh,1
paresthse,1
poikillei,1
peisousi,1
iliadwn,1
klutaimnhstras,1
kindunwn,1
anepifqonws,1
seautou,1
apaqh,1
spinqhr,1
apeilountes,1
hghsamenos,1
eileto,1
agaqas,1
suggenesi,1
metron,1
ali,1
aiqioptes,1
metesxhmatise,1
autokratores,1
uies,1
pantaxoqen,1
dusxerh,1
hmarthkoti,1
hde,1
agwgais,1
apashs,1
plhres,1
diakeisqai,1
iliw|,1
ghmanti,1
suggeneis,1
diakoptei,1
orgh|,1
katasxeqhnai,1
anemeshton,1
pandhmw|,1
melainh|,1
aggellei,1
prostiqhsi,1
kurounta,1
didacai,1
ploutw|,1
egkaloumen,1
boulomenos,1
ellhnes,1
entos,1
memnhsqai,1
lithn,1
epikaleitai,1
pleious,1
staseis,1
eimi,1
metabolh,1
ekplhcei,1
apopresbeusasqe,1
anasteilh|,1
qwpeias,1
apiston,1
pulas,1
apais,1
apokrouomenos
i,1
filostorgias,1
poioumenoi,1
fernhs,1
megistais,1
politkon,1
ekeiqen,1
katasthsai,1
laqikhdea,1
tonon,1
exetai,1
esfeterizeto,1
eutrafeis,1
erwsin,1
palaias,1
ornis,1
augh|,1
ameinon
iq,1
oias,1
deomenoi,1
anagkaious,1
peisete,1
edwrhsato,1
teleiwqenta
d,1
kouras,1
gunaion,1
estrateuon,1
menelamenelaw|,1
presbeuousin,1
sunontwn,1
timh,1
apth|sin,1
litas
ih,1
emfasin,1
auton
to,1
patrokleis,1
dous,1
dainesqai,1
apostas,1
suneikei,1
argos,1
parhmenoi,1
parelaben,1
medontes,1
nohsai,1
empeswn,1
andreion
ig,1
apoqesqai,1
eutuxiais
ig,1
teraessi,1
qumoumenon,1
eqerapeuon,1
protamwn,1
arxh|,1
algoumen,1
kaqhken,1
perissws,1
keiantes,1
ecariqmoumenos,1
dakrusas,1
yuxhn,1
trefonta,1
afarews,1
eumenh,1
polemhswsin,1
zhlotupiais,1
tews,1
dustuxiais,1
epidikasomenwn,1
paridontes,1
elaben,1
upwpteueto,1
wrgisqh
id,1
mounon,1
dusopei,1
agaqou,1
artion,1
pragmatos,1
apalotrefeos,1
karpous,1
afistatai,1
epairei,1
atuxountwn,1
trwi+kwn,1
atalanthn,1
ebouleto,1
oikeias,1
sugktalegei,1
praktikos,1
eikastai
ib,1
kairon
ig,1
kwmazein,1
propetes,1
anelehmona,1
enargeias
id,1
apexei,1
uphreths
iz,1
uperballontes,1
fuza,1
kat'autou,1
anqrwpismw|,1
paraklhqeis,1
cenias
kb,1
enikon,1
isodunamounta,1
qalamos,1
enoxloun,1
epemye,1
upoknizei,1
isxus,1
aidhn,1
eunoun,1
qessaloi,1
parormhtikhn,1
ferontos,1
ormas,1
rhma,1
tauta
d,1
didasakalw|,1
eirhmenois,1
deitai,1
exetw
k,1
moiws,1
oineus,1
feromenon,1
dhloun,1
deinh|,1
fila
ie,1
tapeinon,1
aineiou,1
toioutos,1
exqrwn,1
sunetwtaton,1
peiqarxein,1
epamunein,1
kalon,1
enqen,1
edecato
z,1
teqaluia
q,1
alloiwtikhn,1
poinai,1
diskon,1
aciopistws,1
aposterein,1
autoi,1
meqemen,1
anemous,1
gerousin
ig,1
anacios,1
peisousin,1
sunepemyen,1
lhi+a
kb,1
elegxon,1
nomous,1
upomnhsin,1
su
i,1
kalousin,1
huzhtai,1
adhlon,1
epesfragisato,1
dw|,1
basileuteros,1
perioikoi
a,1
apoqemenos,1
eutelizein
q,1
polemoio,1
lambanwn,1
prolambanwn,1
eurein,1
dunhsomenos,1
monogeneis,1
hresqh,1
armottesqai,1
euyuxws,1
upofora|,1
krinas,1
wbelisan,1
oneidizein,1
neou,1
goneas,1
deuteros,1
dew,1
sugkrisin,1
aisqomenon,1
prosagei,1
paswn
ig,1
pollhn,1
amfebainon
d,1
arxetai
ib,1
mhkos,1
krinein,1
axqetai,1
feroi,1
kudianeirh|,1
oyei,1
ektwr,1
aqwpeutws,1
prosfugas,1
enestwtwn,1
eloidorhse,1
antipoioumenous,1
parwn,1
dehsews,1
hsfalismenas,1
prwth,1
afairesei
ke,1
amartian,1
allotrious,1
attikh,1
epitafiw,1
ouxiparaxwrhsein,1
sumparaginontai,1
hrwi+khn,1
proanakoptei,1
epainos,1
proparaiteitai,1
filopatora,1
kaitoi,1
qhreusein,1
estai
ia,1
mikrou,1
nous,1
euqews,1
peplegmeneis
ie,1
dusxerainwn,1
ecairei,1
enfainwn,1
numfais,1
oios,1
qaumasmoi,1
alipasta,1
methgage,1
deciwsews,1
memyimoiros
k,1
teloien,1
ecousian,1
anteipe,1
lupwn,1
teknou,1
era|,1
sumballetai,1
oiomenos,1
nhpiou,1
akratoteron,1
kasignhtai,1
mri,1
goneis,1
katerxomenos,1
fronhma,1
eqelh|sqa,1
deomenon,1
biazomenoi
kd,1
apagoreutikws,1
aloxwn,1
kairiwteron,1
dusqumon,1
ekplhssousi,1
efanh,1
konews,1
aidesqeis,1
kinhqeih,1
euklees,1
ponw|,1
tropaia,1
eteine,1
prossw,1
deuteras,1
kantauqa,1
klea,1
ippon,1
bouleuomenous
i,1
ofeilei,1
kathgoriwn,1
uperqoron,1
zwnhs,1
oinw|,1
aprakton,1
parakalwn,1
trofhs,1
dwrewn,1
eutuxountwn,1
hfantasia,1
parrhsiazetai,1
dikaspoloi,1
duskinhtos,1
presbeuousan
a,1
asqeneian,1
uperbolh|,1
kakws,1
frhtrhfin,1
ofeilw,1
echlqe,1
doch|,1
anaferei
urn,1
el,1
apeilhs,1
asfalews,1
prosdecetai,1
epikouria,1
keraunous,1
bapton,1
eoikuia,1
hd',1
apokeitai,1
diatriyanti,1
antiparateqeitai
i,1
tafos
ib,1
gumnasian,1
ekaton,1
pitimhsin,1
patroklou,1
suggnwmeis,1
pragmatwn,1
ipphes,1
grayantes,1
liths
k,1
dhi+oio,1
upemeinen,1
geisqai
messhnides,1
adousi,1
artemidos,1
dmwh|si,1
edeice,1
fugais,1
eilhfei,1
legomenw|,1
apisthsas,1
ephgage,1
monogenhs,1
prokoptei,1
epoiei,1
plhquntikou,1
paramenousin,1
apoushs,1
agaqa,1
peisteon,1
dusarestwn,1
proqesews,1
sunperielabe,1
elasson
b,1
monomaxion,1
exemen,1
melanas,1
qhbh,1
ikesias,1
kourhtes,1
ippo,1
omotrapezon,1
acios,1
gamon
polla,1
epeiper,1
ginontai,1
autous
kb,1
ormwmen,1
pistoumenos,1
aidhs,1
anatreyai,1
pneusai,1
orgizontai,1
katasthsh|,1
dei
h,1
aniash|,1
enegkwn,1
timheis,1
upeikontwn,1
oudeteros,1
lambanein,1
ammi,1
timwmenais,1
amelei,1
krateros,1
epanienai,1
m',1
anakekalummenws,1
apollwnos,1
smikroyuxias,1
ellhnas
b,1
om,1
anapalin,1
elegxea,1
akwn,1
antiqhsin,1
sullabhtai,1
aloxous,1
topw|,1
taphta,1
xloh|,1
aifnhs,1
ubrin
e,1
filoxrhmatos,1
peiratai,1
qumou
z,1
kataponoumenw|,1
pantos,1
akurounta,1
akohn,1
stoa|,1
agamemnoni
h,1
keitai,1
prostacews,1
amartias,1
efeuge,1
anatrofhs,1
alazonikon,1
timhma,1
xalepws,1
fialhn,1
maxh|,1
ekkoptousin,1
kakeinon,1
elpidwn,1
eiwqasin,1
aucousi,1
makarion,1
dusafaireton,1
trafenta,1
dikaia,1
fronimws,1
bebaiwtikoi,1
parakeimenai,1
genikwteron,1
rhmati,1
hghtores,1
stratia|
ih,1
timiwtatais,1
aidoumenoi,1
exontos,1
qestios,1
promalaxqh,1
ecemaine,1
ptwssontos,1
hke,1
eugenh,1
olou,1
marturwn,1
enteuqen,1
euqus,1
katalogou,1
qaumasiws,1
up',1
aphses,1
kaqhyato,1
agras,1
boulhn,1
alegeinhs,1
xarisi,1
akribes,1
teras,1
amartwn,1
xrhstoth,1
amnhmoneuton
kz,1
olighs,1
ecetazesqai
kb,1
agaqon
b,1
apostellei,1
ouriw|
iz,1
hqele,1
hreqisen,1
hetiwna,1
exonti,1
dehqwsin,1
enohse,1
fulattetai,1
timwrian,1
loipous
e,1
axariston,1
xolos,1
mwrias,1
promaqein,1
epesxon,1
skuqrwpon,1
arpazei,1
mesas,1
diaforoi,1
aisxran,1
epitimhsews,1
axillei
ig,1
hrws,1
rhtores,1
paxeiai,1
danaoi,1
qumhrh,1
efulace,1
paragrafei,1
kexrhtai,1
propefasistai,1
melaqrw|,1
klaiseie
k,1
all,1
edwke,1
skeyasqai,1
anandrian,1
alloisi,1
oron,1
eice,1
apooratws,1
geronti,1
uperbolais,1
epeigetai
b,1
meide,1
dialecomenos,1
sbesai,1
futa,1
fwnhn,1
opisqen,1
anqrwpinwn,1
entrofiou,1
paristhsi,1
uion,1
epikourian,1
metexei,1
proswpou,1
ekxeai,1
trismurias,1
oikoumenhs,1
erwta
k,1
paideia,1
wfeloun,1
ep,1
troias,1
omhlikas,1
strateian,1
didaskalia,1
tekmhrion,1
qurais,1
uphretis
ka,1
anaferontes,1
elogizeto,1
formiggi,1
fronhmati,1
enantiwsis,1
arosin
g,1
swfrona,1
xronos,1
omoion,1
ecerwtwsi,1
analiskei,1
lexqhsomenois,1
deomenois,1
legontai,1
lupounta,1
atalanth,1
ira,1
yeudws,1
danawn,1
ekaloun,1
katara,1
kreisson,1
apoqnhskousin
ia,1
isxui+,1
kunhgoi,1
lupein,1
xwlai,1
pefrontike,1
apolauwsi,1
edeicen,1
atreidhs,1
metria,1
diei,1
aurion,1
kataisxunetai,1
teleios,1
pathr,1
bouleuein,1
antifrasin
k,1
piecontos,1
epimeleian,1
sumpaqeian,1
merizomenhs,1
tuxhs,1
xruseia,1
stasiazontwn,1
upodihghsis,1
knwmenoi,1
hkon,1
atimasei,1
elew,1
komwsas,1
loigos,1
aiguptou,1
apopleonti,1
epikaleisqai,1
egeneto,1
agaqos,1
sfurwn,1
didotai,1
ws
g,1
peiqomen,1
tousde,1
hqopoi+an,1
loipwn,1
elafoisi,1
apathqhnai,1
edhlwsen
i,1
kaqhsqai
i,1
diatacei,1
hrodikon,1
pa,1
aitia,1
sou,1
auqadeian,1
uposthtw,1
fwnas,1
didakton,1
didontwn,1
aphnthsen,1
aulidi,1
filogunhs,1
fronimwteron,1
dustuxias,1
katalipwn,1
ginesqai,1
basileutatos,1
mallwn,1
peisetai
d,1
xalkou,1
hluqon,1
polemhsein,1
adikw|
z,1
eqelw,1
filoi,1
fhsin
kg,1
ekferhtai,1
emelethsen
i,1
xilioi,1
rhtorwn,1
deka,1
proqumoteron,1
konin,1
andres,1
frontizomen,1
dwreas
ia,1
pleonasmw,1
apiontwn,1
dunantai,1
diakomizein,1
sumperielabe,1
krisis,1
omoian,1
duswphtika,1
argeihn,1
auta,1
astu,1
agaqais,1
eirhmenwn,1
qalattian,1
katakoimhqhtw,1
upopteuei,1
katafronein,1
sugxeousa,1
parakale,1
parepemyato,1
edwken,1
oikotrafh,1
kallei,1
deia,1
melh,1
qermon,1
apoploun,1
epiqumei,1
merizei,1
mhleai,1
nenikhkasin,1
enoxlh|
id,1
epainein,1
proenexuriazei,1
ponou,1
eteran,1
kalw|,1
swmatos
e,1
emw|,1
orguiwn,1
proerussw,1
xairein,1
nhhsasqw,1
idaion,1
filotimon
iq,1
eipeiseie,1
hliw|,1
agaqai,1
idiois,1
apathsein,1
amunein,1
eautois,1
estiasei
iq,1
bion,1
anteqhke,1
semnos,1
gumnazesqai,1
ocunteon,1
qanatos,1
auth,1
kindunois,1
duswphswsin,1
thlikoutois,1
polun,1
sumboulhn,1
sfeterawn,1
diaferontai,1
ebalen,1
paragwgon,1
skulwn,1
tama,1
allofulwn,1
suggeneian,1
qrasous,1
rwmhn,1
polu,1
pleurwnias,1
gounat',1
erinusi,1
edunato
ka,1
oudwsousin,1
maqhmatwn,1
sumbainontwn,1
oikw,1
anhlehs,1
hqikos,1
orgisqeis,1
passei,1
enarges,1
hrwes,1
embalein,1
ni',1
parenoxleisqai,1
apathseime,1
eustoxws,1
misei,1
trofhn,1
eloito
k,1
protreptikws,1
uposxesei,1
tropos,1
summaxoi,1
ecein,1
arxontwn,1
upisxneitai,1
filoptolemon,1
peisqentwn
kd,1
esmen,1
diaferontws,1
nikanwr,1
allhlois,1
polemizein,1
megisthn,1
leukainon,1
melaqron,1
perisshn,1
agamemnonas,1
sunelasqentes,1
afrodisiazein,1
basilha
kb,1
porisamenoi,1
profqasas,1
frhtrh,1
biasasqai,1
epamunousi,1
sullhbdhn,1
arhgh|,1
basilea,1
sfarageunto,1
naustaqmw|,1
timh|,1
teleuthn,1
pepisteutai
i,1
exete,1
dedeipnhkotes,1
sunepagetai,1
sidhrou,1
akewn,1
qumiasai,1
emmenai,1
krathqhsesqai,1
sunadei,1
eishgagen,1
krateutawn,1
gamon
e,1
mhrikon,1
kaludwnioi,1
edos,1
raous,1
upoqhkas,1
filofrosunhs,1
uperkaeis
iq,1
akrasian,1
porizomena,1
mousika,1
aperxesqe
id,1
newteroi,1
parelabe,1
qaumasth,1
hqous,1
artemidos
e,1
radiws,1
tauth|,1
pempousin,1
diaganaktountos,1
dikhn,1
persai,1
diaballein,1
upisxnoumenoi,1
yogon,1
protiqemena,1
koinw|,1
traxews,1
lukorman,1
n,1
praoteran,1
ellhnidas,1
sunexh,1
euwxian,1
hcein,1
tetrammenon,1
sumpantos,1
sunwrgisqh
a,1
axillea
i,1
organon,1
ariqmeitai,1
yilh,1
pedion,1
summaxikwn,1
kinwn,1
frazou,1
uperoyian,1
polus,1
amfibolon,1
xwriwn,1
mhxanhn,1
aute,1
eptaismenon,1
epitimhtwr,1
aperioristw|,1
wfelimw|,1
barews,1
pollas,1
suneta,1
peiseien,1
bohqhsai,1
eqelh,1
menwn,1
formigga,1
apocusas,1
mwriwn,1
spoudaian,1
beblhato,1
nhfontes,1
mhnidos,1
adikhmatwn,1
gegonasin,1
epilogismon,1
yhfw|,1
esxaras,1
ellhnes
ke,1
diaitas,1
ekqalasshs,1
eceteinen,1
eumaios,1
toiauth,1
adikeitai,1
sugkomisthria
g,1
exeirwsato,1
gumnos,1
qean,1
qerapeuwn,1
lekteon,1
afhke,1
apofhnwsi,1
frasin,1
orkou,1
parousin,1
elhce,1
dokh,1
tugxanei,1
kuklwpes,1
ariqmw|,1
xeirwni,1
deisasa,1
exqrw,1
ouxi,1
asfalesteron,1
erxomenos,1
orwmenoi,1
eien,1
exoush|,1
siwphn,1
deuterw,1
euhmerias,1
ippoi,1
olemion,1
usteros,1
medhsomai,1
edokoun,1
aireitai,1
nestwr
e,1
memyis
z,1
ghra|,1
rodiwn,1
fullatousi,1
meropwn,1
legonti,1
polemion,1
exqron,1
epeicin,1
murmidones
kb,1
apeuxetai,1
dehseis,1
diabolhn,1
dehqeis,1
parelhluqen,1
praothta,1
agnohsantes,1
endedutai,1
foitwsa,1
epitafious,1
peiqomenos,1
dixh,1
aitountes,1
nhrhi+dos,1
diagonta,1
enantious,1
upomimnhskwn,1
eudokimhsas
i,1
afaireitai,1
leton,1
wrise,1
shmeiwsai,1
alade,1
amarthmatwn,1
aghqeian,1
apofainei,1
epratte,1
eoi,1
errig',1
khrucin,1
parhmenos,1
sumbebhkotwn,1
politeian,1
suggenikwtatous,1
basileus
i,1
epigamias,1
uphretoumenos,1
enikws,1
hqelhsen,1
akouousin
a,1
epimonh,1
merida,1
mallon
iz,1
katoikiais,1
efilei,1
authn
ke,1
ellhspontou,1
allou,1
pleion,1
logos
a,1
xalepon,1
anakta,1
apopeiran,1
tetarton,1
teon,1
ergwn,1
dhloutai,1
apopresbeusantes,1
epithdeion,1
gamhswn,1
daimosi,1
filalhqh,1
exrhn,1
presbeutais,1
siwphsas,1
dwsein,1
exefrwn,1
agwnizomenous
ie,1
yuxhn
g,1
apofqegmatikon,1
exalephnen,1
adelfou,1
metoxwn,1
sumbouleuswn,1
parakalei,1
axaristw|,1
kaka,1
proswpon,1
upoyuxron,1
adikon,1
frontis
a,1
proarpazwn,1
ekfughs,1
palaiw,1
arkesqhnai,1
muqos,1
aurion
ih,1
fainei,1
pediada
g,1
spondwn,1
arhnhn,1
diafulattei,1
noswdeis,1
strathgikws,1
epithdes,1
upallaktikon,1
in,1
paralioi,1
didontos,1
ais,1
armathlatai,1
sugkekleismenon,1
asia|,1
af',1
dhlwn,1
skeyanemos,1
fusesi,1
kos,1
meleta|,1
g,y,1
oneidicei,1
eniauton,1
axileu,1
akrasias,1
upoqesin,1
belesi,1
upoballei,1
anhgage,1
erxesqai,1
hghsato,1
ekhdeuse,1
epizhthsin,1
axaioisin,1
toioutwn,1
logizetai,1
aloxon,1
petomenoi,1
paideutikos,1
oloqreuein,1
diaxwrizw,1
eautous,1
ponous,1
apoplein
iz,1
isxuroterous,1
epessutai,1
pra,1
malista
iq,1
epimemfetai,1
epagousi,1
ereidein,1
kumazon,1
proswpwn
b,1
gennaios,1
allotriwn,1
apotomon,1
upoqwpeuei
i,1
orgizomenois,1
qerapeian,1
eki,1
rabdwn,1
doh,1
ath|,1
stugeei,1
kakwn,1
sumbebhkos,1
paraibathn,1
alloti,1
amartontes,1
mellontos,1
pepaideumenon,1
lalei,1
tekos
ka,1
deipnou,1
upoleipesqai,1
omonoountas,1
donhsews,1
aristous
b,1
amfoterwqen,1
megalhtoros,1
mw,1
metabebhke,1
xrusou,1
muriadas,1
tafron,1
nestwri,1
pulwn,1
oikeiwn,1
apoteinetai,1
hnika,1
dia
ih,1
kamnontas,1
lhcai,1
peponqen
ke,1
gonos,1
ecexeuen
h,1
edidaxqh,1
apokoyai,1
paqon,1
apereisia,1
dhmosia,1
parablwpes,1
korhn,1
dhmhgoriais,1
armodion,1
kabbalen,1
treis,1
filomousos,1
pefqentos,1
posw,1
diesteilen,1
xarizomenos,1
antiprassei,1
nosfin,1
eutelizesqai,1
epieikeian,1
aiqwn,1
eleuqeriws,1
idaiw|,1
mia|,1
erxontai,1
xrhsqai,1
pausamenou,1
euhqeias,1
apokrisin,1
neois,1
ahdes,1
ponous:ei,1
deigma,1
enqa,1
patroklw|,1
eunoustatous,1
emoige,1
apexetai,1
dihgoumenwn,1
epoinhqhsan,1
eurhsei,1
epideiktikon,1
s,1
penqei,1
sunewrakenai,1
plhqei,1
apollwn
ih,1
eutuxhmatwn
g,1
anatirrhtos,1
upodeicwn,1
makran,1
uponoian,1
apolauein,1
aristarxos,1
sunainei,1
fhsi
z,1
epoiei
a,1
tapeinhn,1
deinon
ib,1
guhs,1
epainon,1
epimhkesi,1
asumenetos,1
trepei
ia,1
diastasai,1
estin
a,1
nouqesiais,1
dakruxeein,1
rusai,1
agamemnos,1
eporqhqh
b,1
kruoeis,1
amfwkekthsqai,1
ecekoye,1
puri,1
suntrofon,1
pas,1
aptontai,1
erwhn,1
orgizomenous,1
xrhsthn,1
dihghsis,1
neosswn,1
kthsin
id,1
esxaton,1
neous,1
epikourias,1
hkousen
ie,1
parh|nei,1
prau+nomenos,1
orseo,1
estian,1
gonhs,1
melleis,1
hlikia|,1
adelfoi,1
allon,1
epemyen,1
eutrepizousin,1
xruson,1
anaktatai,1
eklaie,1
lupeisqai,1
dusapokriton,1
gunaici,1
lebhs,1
nemeshton,1
smuxein,1
sumfora,1
ouzwn,1
idein,1
muqikws,1
afrones,1
teipein,1
parakeklhsqai,1
aitwlias,1
ellada,1
emon,1
proteran,1
uphllace,1
xeirwna,1
epikouros,1
eterwqi,1
wrucen
i,1
filotimias,1
hlios,1
porizomenos,1
doca,1
aidw,1
agaqous,1
opiasw,1
pollw|,1
fhsi
iq,1
antis,1
epanelqein,1
legomenois,1
metriothtos,1
aixmalwton,1
areion,1
xrhston,1
apurous,1
oktw,1
exqrais,1
allodaph|,1
apaitwn,1
eqelontes,1
dakruon,1
dieqhke,1
eirhnhs,1
sunepontai,1
siwphs,1
eunous,1
